,index_x,Reporter_Country Code_x,Reporter_Countries,Partner_Countries,Item,Element,Unit,index_y,Reporter_Country_Code_y,quantity_sum,reporter_codes,variable,value
0,2035696,185,Russian Federation,Afghanistan,Wheat,Export Quantity,tonnes,7079058,618,587407.0,AFG,quantity,3389.0
1,2035761,185,Russian Federation,Albania,Wheat,Export Quantity,tonnes,13637420,1321,245700.0,ALB,quantity,149277.0
2,2549916,230,Ukraine,Albania,Wheat,Export Quantity,tonnes,13637420,1321,245700.0,ALB,quantity,22956.0
3,2035880,185,Russian Federation,Angola,Wheat,Export Quantity,tonnes,14750401,1304,579739.0,AGO,quantity,199652.0
4,2036587,185,Russian Federation,Armenia,Wheat,Export Quantity,tonnes,2036587,185,334864.0,ARM,quantity,334864.0
5,2037675,185,Russian Federation,Azerbaijan,Wheat,Export Quantity,tonnes,9292808,805,1403540.0,AZE,quantity,1385007.0
6,2037876,185,Russian Federation,Bangladesh,Wheat,Export Quantity,tonnes,13258968,1154,6014981.0,BGD,quantity,1940855.0
7,2551649,230,Ukraine,Bangladesh,Wheat,Export Quantity,tonnes,13258968,1154,6014981.0,BGD,quantity,1514725.0
8,2038546,185,Russian Federation,Belarus,Wheat,Export Quantity,tonnes,9031335,913,18802.0,BLR,quantity,15723.0
9,2552105,230,Ukraine,Belarus,Wheat,Export Quantity,tonnes,9031335,913,18802.0,BLR,quantity,1277.0
10,2039301,185,Russian Federation,Benin,Wheat,Export Quantity,tonnes,4592016,415,22502.0,BEN,quantity,22500.0
11,2552715,230,Ukraine,Benin,Wheat,Export Quantity,tonnes,4592016,415,22502.0,BEN,quantity,2.0
12,2039715,185,Russian Federation,Brazil,Wheat,Export Quantity,tonnes,10627499,929,5912452.0,BRA,quantity,237558.0
13,2040048,185,Russian Federation,Bulgaria,Wheat,Export Quantity,tonnes,15714428,1479,26379.0,BGR,quantity,9378.0
14,2040096,185,Russian Federation,Burkina Faso,Wheat,Export Quantity,tonnes,2895573,253,163130.0,BFA,quantity,6300.0
15,2040106,185,Russian Federation,Burundi,Wheat,Export Quantity,tonnes,7006125,613,33806.0,BDI,quantity,17131.0
16,2040112,185,Russian Federation,Cabo Verde,Wheat,Export Quantity,tonnes,6830388,606,12732.0,CPV,quantity,10000.0
17,2040205,185,Russian Federation,Cameroon,Wheat,Export Quantity,tonnes,4758447,412,815783.0,CMR,quantity,388500.0
18,2041494,185,Russian Federation,"China, mainland",Wheat,Export Quantity,tonnes,17330876,1499,10369734.0,CHN,quantity,57013.0
19,2554586,230,Ukraine,"China, mainland",Wheat,Export Quantity,tonnes,17330876,1499,10369734.0,CHN,quantity,5928.0
20,2041805,185,Russian Federation,Congo,Wheat,Export Quantity,tonnes,8233389,714,245269.0,COG,quantity,184254.0
21,2041997,185,Russian Federation,Côte d'Ivoire,Wheat,Export Quantity,tonnes,7035766,611,667338.0,CIV,quantity,64968.0
22,2042507,185,Russian Federation,Cyprus,Wheat,Export Quantity,tonnes,21194473,1841,77368.0,CYP,quantity,24943.0
23,2555660,230,Ukraine,Cyprus,Wheat,Export Quantity,tonnes,21194473,1841,77368.0,CYP,quantity,9004.0
24,2043023,185,Russian Federation,Democratic People's Republic of Korea,Wheat,Export Quantity,tonnes,3180173,285,50571.0,PRK,quantity,50000.0
25,2043061,185,Russian Federation,Democratic Republic of the Congo,Wheat,Export Quantity,tonnes,8647023,753,326329.0,COD,quantity,199027.0
26,2043844,185,Russian Federation,Egypt,Wheat,Export Quantity,tonnes,19272793,1665,13236015.0,EGY,quantity,8254555.0
27,2556955,230,Ukraine,Egypt,Wheat,Export Quantity,tonnes,19272793,1665,13236015.0,EGY,quantity,3075224.0
28,2044358,185,Russian Federation,Ethiopia,Wheat,Export Quantity,tonnes,10624667,944,861383.0,ETH,quantity,52000.0
29,2557415,230,Ukraine,Ethiopia,Wheat,Export Quantity,tonnes,10624667,944,861383.0,ETH,quantity,175026.0
30,2044765,185,Russian Federation,Finland,Wheat,Export Quantity,tonnes,16463540,1761,122448.0,FIN,quantity,88087.0
31,2045276,185,Russian Federation,Gabon,Wheat,Export Quantity,tonnes,3330085,286,110982.0,GAB,quantity,12650.0
32,2045286,185,Russian Federation,Gambia,Wheat,Export Quantity,tonnes,5958105,526,87489.0,GMB,quantity,52700.0
33,2045696,185,Russian Federation,Georgia,Wheat,Export Quantity,tonnes,11300316,991,615559.0,GEO,quantity,588392.0
34,2558510,230,Ukraine,Georgia,Wheat,Export Quantity,tonnes,11300316,991,615559.0,GEO,quantity,48.0
35,2046264,185,Russian Federation,Germany,Wheat,Export Quantity,tonnes,41073866,4182,3944767.0,DEU,quantity,434.0
36,2559059,230,Ukraine,Germany,Wheat,Export Quantity,tonnes,41073866,4182,3944767.0,DEU,quantity,7127.0
37,2046333,185,Russian Federation,Ghana,Wheat,Export Quantity,tonnes,10707277,934,803924.0,GHA,quantity,232939.0
38,2046697,185,Russian Federation,Greece,Wheat,Export Quantity,tonnes,27115708,2469,946595.0,GRC,quantity,147495.0
39,2559524,230,Ukraine,Greece,Wheat,Export Quantity,tonnes,27115708,2469,946595.0,GRC,quantity,87216.0
40,2046874,185,Russian Federation,Guinea,Wheat,Export Quantity,tonnes,11099671,962,350857.0,GIN,quantity,60000.0
41,2047838,185,Russian Federation,Indonesia,Wheat,Export Quantity,tonnes,13035281,1115,9688980.0,IDN,quantity,2961.0
42,2560680,230,Ukraine,Indonesia,Wheat,Export Quantity,tonnes,13035281,1115,9688980.0,IDN,quantity,2718664.0
43,2048123,185,Russian Federation,Iraq,Wheat,Export Quantity,tonnes,18027322,1813,21931.0,IRQ,quantity,52.0
44,2048680,185,Russian Federation,Israel,Wheat,Export Quantity,tonnes,22700681,1955,1636545.0,ISR,quantity,541126.0
45,2561573,230,Ukraine,Israel,Wheat,Export Quantity,tonnes,22700681,1955,1636545.0,ISR,quantity,280474.0
46,2049138,185,Russian Federation,Italy,Wheat,Export Quantity,tonnes,41102665,4026,7588303.0,ITA,quantity,92525.0
47,2562030,230,Ukraine,Italy,Wheat,Export Quantity,tonnes,41102665,4026,7588303.0,ITA,quantity,219209.0
48,2049678,185,Russian Federation,Jordan,Wheat,Export Quantity,tonnes,14286936,1255,1220301.0,JOR,quantity,292713.0
49,2562456,230,Ukraine,Jordan,Wheat,Export Quantity,tonnes,14286936,1255,1220301.0,JOR,quantity,224077.0
50,2050318,185,Russian Federation,Kazakhstan,Wheat,Export Quantity,tonnes,16866377,1478,524904.0,KAZ,quantity,523958.0
51,2562726,230,Ukraine,Kazakhstan,Wheat,Export Quantity,tonnes,16866377,1478,524904.0,KAZ,quantity,89.0
52,2050438,185,Russian Federation,Kenya,Wheat,Export Quantity,tonnes,20224561,1780,1882666.0,KEN,quantity,602137.0
53,2562799,230,Ukraine,Kenya,Wheat,Export Quantity,tonnes,20224561,1780,1882666.0,KEN,quantity,84444.0
54,2051092,185,Russian Federation,Kyrgyzstan,Wheat,Export Quantity,tonnes,3395841,293,186433.0,KGZ,quantity,131132.0
55,2051574,185,Russian Federation,Latvia,Wheat,Export Quantity,tonnes,17684854,1516,954352.0,LVA,quantity,374872.0
56,2051756,185,Russian Federation,Lebanon,Wheat,Export Quantity,tonnes,17311764,1490,1219460.0,LBN,quantity,159364.0
57,2563611,230,Ukraine,Lebanon,Wheat,Export Quantity,tonnes,17311764,1490,1219460.0,LBN,quantity,669663.0
58,2051870,185,Russian Federation,Liberia,Wheat,Export Quantity,tonnes,5742794,495,35676.0,LBR,quantity,12600.0
59,2051911,185,Russian Federation,Libya,Wheat,Export Quantity,tonnes,14881928,1331,1132493.0,LBY,quantity,170699.0
60,2563894,230,Ukraine,Libya,Wheat,Export Quantity,tonnes,14881928,1331,1132493.0,LBY,quantity,546410.0
61,2052413,185,Russian Federation,Lithuania,Wheat,Export Quantity,tonnes,27020200,2489,325711.0,LTU,quantity,170002.0
62,2052542,185,Russian Federation,Madagascar,Wheat,Export Quantity,tonnes,4607603,404,69012.0,MDG,quantity,36000.0
63,2052554,185,Russian Federation,Malawi,Wheat,Export Quantity,tonnes,3625780,318,59309.0,MWI,quantity,46554.0
64,2052742,185,Russian Federation,Malaysia,Wheat,Export Quantity,tonnes,17622971,1523,1385213.0,MYS,quantity,53248.0
65,2564555,230,Ukraine,Malaysia,Wheat,Export Quantity,tonnes,17622971,1523,1385213.0,MYS,quantity,395193.0
66,2052775,185,Russian Federation,Mali,Wheat,Export Quantity,tonnes,5054218,448,357121.0,MLI,quantity,137025.0
67,2052808,185,Russian Federation,Malta,Wheat,Export Quantity,tonnes,8762724,767,14074.0,MLT,quantity,5796.0
68,2052892,185,Russian Federation,Mauritania,Wheat,Export Quantity,tonnes,12690404,1095,695692.0,MRT,quantity,158106.0
69,2565086,230,Ukraine,Mauritania,Wheat,Export Quantity,tonnes,12690404,1095,695692.0,MRT,quantity,126117.0
70,2053106,185,Russian Federation,Mexico,Wheat,Export Quantity,tonnes,8651723,747,4117763.0,MEX,quantity,96040.0
71,2565231,230,Ukraine,Mexico,Wheat,Export Quantity,tonnes,8651723,747,4117763.0,MEX,quantity,32740.0
72,2053430,185,Russian Federation,Mongolia,Wheat,Export Quantity,tonnes,2053430,185,177705.0,MNG,quantity,177705.0
73,2053680,185,Russian Federation,Morocco,Wheat,Export Quantity,tonnes,25860092,2239,5394037.0,MAR,quantity,426486.0
74,2565611,230,Ukraine,Morocco,Wheat,Export Quantity,tonnes,25860092,2239,5394037.0,MAR,quantity,952039.0
75,2053704,185,Russian Federation,Mozambique,Wheat,Export Quantity,tonnes,19729628,1729,928684.0,MOZ,quantity,349558.0
76,2565642,230,Ukraine,Mozambique,Wheat,Export Quantity,tonnes,19729628,1729,928684.0,MOZ,quantity,103500.0
77,2053773,185,Russian Federation,Namibia,Wheat,Export Quantity,tonnes,8442120,730,127843.0,NAM,quantity,83704.0
78,2054294,185,Russian Federation,Netherlands,Wheat,Export Quantity,tonnes,38083002,3740,3991241.0,NLD,quantity,1455.0
79,2566211,230,Ukraine,Netherlands,Wheat,Export Quantity,tonnes,38083002,3740,3991241.0,NLD,quantity,21260.0
80,2054562,185,Russian Federation,Nicaragua,Wheat,Export Quantity,tonnes,5985765,509,184634.0,NIC,quantity,102402.0
81,2054648,185,Russian Federation,Nigeria,Wheat,Export Quantity,tonnes,20341684,1760,5902528.0,NGA,quantity,998131.0
82,2055077,185,Russian Federation,Norway,Wheat,Export Quantity,tonnes,21606608,2030,285859.0,NOR,quantity,21969.0
83,2055111,185,Russian Federation,Oman,Wheat,Export Quantity,tonnes,9865963,862,653069.0,OMN,quantity,429095.0
84,2566932,230,Ukraine,Oman,Wheat,Export Quantity,tonnes,9865963,862,653069.0,OMN,quantity,24151.0
85,2055239,185,Russian Federation,Pakistan,Wheat,Export Quantity,tonnes,7254510,620,2850310.0,PAK,quantity,1173081.0
86,2567039,230,Ukraine,Pakistan,Wheat,Export Quantity,tonnes,7254510,620,2850310.0,PAK,quantity,1244446.0
87,2055782,185,Russian Federation,Philippines,Wheat,Export Quantity,tonnes,18370885,1574,6635837.0,PHL,quantity,554743.0
88,2567680,230,Ukraine,Philippines,Wheat,Export Quantity,tonnes,18370885,1574,6635837.0,PHL,quantity,631966.0
89,2056273,185,Russian Federation,Poland,Wheat,Export Quantity,tonnes,26473160,2713,790767.0,POL,quantity,1049.0
90,2568261,230,Ukraine,Poland,Wheat,Export Quantity,tonnes,26473160,2713,790767.0,POL,quantity,3968.0
91,2056544,185,Russian Federation,Qatar,Wheat,Export Quantity,tonnes,16456012,1434,206589.0,QAT,quantity,82000.0
92,2568580,230,Ukraine,Qatar,Wheat,Export Quantity,tonnes,16456012,1434,206589.0,QAT,quantity,40611.0
93,2056891,185,Russian Federation,Republic of Korea,Wheat,Export Quantity,tonnes,15317702,1560,3417330.0,KOR ,quantity,82041.0
94,2568802,230,Ukraine,Republic of Korea,Wheat,Export Quantity,tonnes,15317702,1560,3417330.0,KOR ,quantity,322449.0
95,2057292,185,Russian Federation,Republic of Moldova,Wheat,Export Quantity,tonnes,8439257,862,4224.0,MDA,quantity,64.0
96,2569218,230,Ukraine,Republic of Moldova,Wheat,Export Quantity,tonnes,8439257,862,4224.0,MDA,quantity,3948.0
97,2057498,185,Russian Federation,Romania,Wheat,Export Quantity,tonnes,21645727,2320,1430810.0,ROU,quantity,56159.0
98,2057526,185,Russian Federation,Rwanda,Wheat,Export Quantity,tonnes,6930104,605,70256.0,RWA,quantity,64883.0
99,2057642,185,Russian Federation,Saudi Arabia,Wheat,Export Quantity,tonnes,22714211,1939,3109470.0,SAU,quantity,246520.0
100,2570522,230,Ukraine,Saudi Arabia,Wheat,Export Quantity,tonnes,22714211,1939,3109470.0,SAU,quantity,64159.0
101,2057704,185,Russian Federation,Senegal,Wheat,Export Quantity,tonnes,5985689,507,599509.0,SEN,quantity,339118.0
102,2057993,185,Russian Federation,Serbia,Wheat,Export Quantity,tonnes,22190178,2139,56380.0,SRB,quantity,107.0
103,2570750,230,Ukraine,Serbia,Wheat,Export Quantity,tonnes,22190178,2139,56380.0,SRB,quantity,22.0
104,2058767,185,Russian Federation,Somalia,Wheat,Export Quantity,tonnes,8398530,740,75414.0,SOM,quantity,29650.0
105,2571831,230,Ukraine,Somalia,Wheat,Export Quantity,tonnes,8398530,740,75414.0,SOM,quantity,40000.0
106,2058967,185,Russian Federation,South Africa,Wheat,Export Quantity,tonnes,20335107,1691,2174258.0,ZAF,quantity,554209.0
107,2572010,230,Ukraine,South Africa,Wheat,Export Quantity,tonnes,20335107,1691,2174258.0,ZAF,quantity,60007.0
108,2059388,185,Russian Federation,Spain,Wheat,Export Quantity,tonnes,32285100,3023,3321765.0,ESP,quantity,21489.0
109,2572413,230,Ukraine,Spain,Wheat,Export Quantity,tonnes,32285100,3023,3321765.0,ESP,quantity,372628.0
110,2059508,185,Russian Federation,Sri Lanka,Wheat,Export Quantity,tonnes,11661076,1014,1290215.0,LKA,quantity,415260.0
111,2572520,230,Ukraine,Sri Lanka,Wheat,Export Quantity,tonnes,11661076,1014,1290215.0,LKA,quantity,114854.0
112,2059557,185,Russian Federation,Sudan,Wheat,Export Quantity,tonnes,9927488,863,2429207.0,SDN,quantity,1333409.0
113,2572545,230,Ukraine,Sudan,Wheat,Export Quantity,tonnes,9927488,863,2429207.0,SDN,quantity,109549.0
114,2060228,185,Russian Federation,Switzerland,Wheat,Export Quantity,tonnes,29812250,2988,477341.0,CHE,quantity,54937.0
115,2573123,230,Ukraine,Switzerland,Wheat,Export Quantity,tonnes,29812250,2988,477341.0,CHE,quantity,10824.0
116,2060778,185,Russian Federation,Tajikistan,Wheat,Export Quantity,tonnes,3410087,293,1026041.0,TJK,quantity,5400.0
117,2061042,185,Russian Federation,Thailand,Wheat,Export Quantity,tonnes,20914235,1794,3050410.0,THA,quantity,313157.0
118,2573685,230,Ukraine,Thailand,Wheat,Export Quantity,tonnes,20914235,1794,3050410.0,THA,quantity,563449.0
119,2061060,185,Russian Federation,Togo,Wheat,Export Quantity,tonnes,3664072,318,110008.0,TGO,quantity,70000.0
120,2061212,185,Russian Federation,Tunisia,Wheat,Export Quantity,tonnes,17759256,1556,1995270.0,TUN,quantity,111267.0
121,2573907,230,Ukraine,Tunisia,Wheat,Export Quantity,tonnes,17759256,1556,1995270.0,TUN,quantity,984016.0
122,2061638,185,Russian Federation,Turkey,Wheat,Export Quantity,tonnes,32865443,3216,10801100.0,TUR,quantity,7900550.0
123,2574362,230,Ukraine,Turkey,Wheat,Export Quantity,tonnes,32865443,3216,10801100.0,TUR,quantity,1003760.0
124,2061948,185,Russian Federation,Turkmenistan,Wheat,Export Quantity,tonnes,3411982,293,70278.0,TKM,quantity,17256.0
125,2061987,185,Russian Federation,Uganda,Wheat,Export Quantity,tonnes,10447742,1078,455201.0,UGA,quantity,192265.0
126,2062570,185,Russian Federation,Ukraine,Wheat,Export Quantity,tonnes,15061142,1544,47940.0,UKR,quantity,11330.0
127,2062807,185,Russian Federation,United Arab Emirates,Wheat,Export Quantity,tonnes,18051543,1561,1297235.0,ARE,quantity,674558.0
128,2574968,230,Ukraine,United Arab Emirates,Wheat,Export Quantity,tonnes,18051543,1561,1297235.0,ARE,quantity,11090.0
129,2063278,185,Russian Federation,United Republic of Tanzania,Wheat,Export Quantity,tonnes,15051335,1311,990078.0,TZA,quantity,700911.0
130,2575545,230,Ukraine,United Republic of Tanzania,Wheat,Export Quantity,tonnes,15051335,1311,990078.0,TZA,quantity,46620.0
131,2064297,185,Russian Federation,Uzbekistan,Wheat,Export Quantity,tonnes,5554734,565,2955007.0,UZB,quantity,14102.0
132,2064649,185,Russian Federation,Viet Nam,Wheat,Export Quantity,tonnes,15766598,1520,2993862.0,VNM,quantity,464392.0
133,2576632,230,Ukraine,Viet Nam,Wheat,Export Quantity,tonnes,15766598,1520,2993862.0,VNM,quantity,268453.0
134,2064721,185,Russian Federation,Yemen,Wheat,Export Quantity,tonnes,13035970,1132,3044866.0,YEM,quantity,796103.0
135,2576680,230,Ukraine,Yemen,Wheat,Export Quantity,tonnes,13035970,1132,3044866.0,YEM,quantity,708249.0
136,2549973,230,Ukraine,Algeria,Wheat,Export Quantity,tonnes,24433656,2129,7053568.0,DZA,quantity,5400.0
137,2551039,230,Ukraine,Austria,Wheat,Export Quantity,tonnes,23470317,2585,1082716.0,AUT,quantity,246.0
138,2553436,230,Ukraine,Cambodia,Wheat,Export Quantity,tonnes,8396934,744,2697.0,KHM,quantity,365.0
139,2554196,230,Ukraine,"China, Hong Kong SAR",Wheat,Export Quantity,tonnes,10221048,1008,4517.0,HKG,quantity,905.0
140,2554735,230,Ukraine,"China, Taiwan Province of",Wheat,Export Quantity,tonnes,14635883,1252,1280640.0,TWN,quantity,8300.0
141,2556011,230,Ukraine,Czechia,Wheat,Export Quantity,tonnes,19672708,1969,137197.0,CZE,quantity,63.0
142,2556452,230,Ukraine,Djibouti,Wheat,Export Quantity,tonnes,7276873,644,53439.0,DJI,quantity,17115.0
143,2556704,230,Ukraine,Ecuador,Wheat,Export Quantity,tonnes,7575081,673,1183963.0,ECU,quantity,32636.0
144,2557337,230,Ukraine,Estonia,Wheat,Export Quantity,tonnes,10031537,867,17152.0,EST,quantity,6150.0
145,2562885,230,Ukraine,Kuwait,Wheat,Export Quantity,tonnes,10489503,908,488188.0,KWT,quantity,347.0
146,2563052,230,Ukraine,Lao People's Democratic Republic,Wheat,Export Quantity,tonnes,2563052,230,3070.0,LAO,quantity,3070.0
147,2565677,230,Ukraine,Myanmar,Wheat,Export Quantity,tonnes,13103507,1205,443792.0,MMR,quantity,49036.0
148,2566219,230,Ukraine,New Caledonia,Wheat,Export Quantity,tonnes,5838041,511,26538.0,NCL,quantity,985.0
149,2566421,230,Ukraine,New Zealand,Wheat,Export Quantity,tonnes,3911978,340,371709.0,NZL,quantity,403.0
150,2575435,230,Ukraine,United Kingdom of Great Britain and Northern Ireland,Wheat,Export Quantity,tonnes,44007131,4346,2173046.0,GBR,quantity,29022.0
151,2036341,185,Russian Federation,Armenia,Maize,Export Quantity,tonnes,7788083,669,43107.0,ARM,quantity,42518.0
152,2037076,185,Russian Federation,Austria,Maize,Export Quantity,tonnes,34217430,3522,1123635.0,AUT,quantity,3.0
153,2550841,230,Ukraine,Austria,Maize,Export Quantity,tonnes,34217430,3522,1123635.0,AUT,quantity,30.0
154,2037476,185,Russian Federation,Azerbaijan,Maize,Export Quantity,tonnes,19938185,1843,48177.0,AZE,quantity,45341.0
155,2551200,230,Ukraine,Azerbaijan,Maize,Export Quantity,tonnes,19938185,1843,48177.0,AZE,quantity,57.0
156,2038234,185,Russian Federation,Belarus,Maize,Export Quantity,tonnes,25465963,2309,87062.0,BLR,quantity,20673.0
157,2551920,230,Ukraine,Belarus,Maize,Export Quantity,tonnes,25465963,2309,87062.0,BLR,quantity,56853.0
158,2039889,185,Russian Federation,Bulgaria,Maize,Export Quantity,tonnes,27130755,2596,36580.0,BGR,quantity,120.0
159,2553103,230,Ukraine,Bulgaria,Maize,Export Quantity,tonnes,27130755,2596,36580.0,BGR,quantity,339.0
160,2041231,185,Russian Federation,"China, mainland",Maize,Export Quantity,tonnes,22680805,1918,15025884.0,CHN,quantity,202503.0
161,2554390,230,Ukraine,"China, mainland",Maize,Export Quantity,tonnes,22680805,1918,15025884.0,CHN,quantity,7712511.0
162,2042382,185,Russian Federation,Cyprus,Maize,Export Quantity,tonnes,22406486,1937,315885.0,CYP,quantity,6604.0
163,2555509,230,Ukraine,Cyprus,Maize,Export Quantity,tonnes,22406486,1937,315885.0,CYP,quantity,42172.0
164,2043246,185,Russian Federation,Denmark,Maize,Export Quantity,tonnes,35208361,3498,208532.0,DNK,quantity,2500.0
165,2043737,185,Russian Federation,Egypt,Maize,Export Quantity,tonnes,21312652,2052,10751064.0,EGY,quantity,750.0
166,2556831,230,Ukraine,Egypt,Maize,Export Quantity,tonnes,21312652,2052,10751064.0,EGY,quantity,2923875.0
167,2044087,185,Russian Federation,Estonia,Maize,Export Quantity,tonnes,24134647,2244,38544.0,EST,quantity,66.0
168,2557178,230,Ukraine,Estonia,Maize,Export Quantity,tonnes,24134647,2244,38544.0,EST,quantity,397.0
169,2044573,185,Russian Federation,Finland,Maize,Export Quantity,tonnes,23948915,2209,23797.0,FIN,quantity,7648.0
170,2557535,230,Ukraine,Finland,Maize,Export Quantity,tonnes,23948915,2209,23797.0,FIN,quantity,314.0
171,2045499,185,Russian Federation,Georgia,Maize,Export Quantity,tonnes,19114405,1778,186145.0,GEO,quantity,181495.0
172,2558344,230,Ukraine,Georgia,Maize,Export Quantity,tonnes,19114405,1778,186145.0,GEO,quantity,3384.0
173,2045993,185,Russian Federation,Germany,Maize,Export Quantity,tonnes,51898001,5154,3840499.0,DEU,quantity,18399.0
174,2558796,230,Ukraine,Germany,Maize,Export Quantity,tonnes,51898001,5154,3840499.0,DEU,quantity,318473.0
175,2046516,185,Russian Federation,Greece,Maize,Export Quantity,tonnes,26684388,2436,741862.0,GRC,quantity,15242.0
176,2047118,185,Russian Federation,Hungary,Maize,Export Quantity,tonnes,33681065,3486,123729.0,HUN,quantity,38.0
177,2559961,230,Ukraine,Hungary,Maize,Export Quantity,tonnes,33681065,3486,123729.0,HUN,quantity,25661.0
178,2049338,185,Russian Federation,Japan,Maize,Export Quantity,tonnes,37704678,3548,14816461.0,JPN,quantity,71825.0
179,2562178,230,Ukraine,Japan,Maize,Export Quantity,tonnes,37704678,3548,14816461.0,JPN,quantity,47.0
180,2049597,185,Russian Federation,Jordan,Maize,Export Quantity,tonnes,19683308,1716,736853.0,JOR,quantity,524.0
181,2562378,230,Ukraine,Jordan,Maize,Export Quantity,tonnes,19683308,1716,736853.0,JOR,quantity,38250.0
182,2050011,185,Russian Federation,Kazakhstan,Maize,Export Quantity,tonnes,20889790,1943,7804.0,KAZ,quantity,4862.0
183,2562591,230,Ukraine,Kazakhstan,Maize,Export Quantity,tonnes,20889790,1943,7804.0,KAZ,quantity,292.0
184,2050859,185,Russian Federation,Kyrgyzstan,Maize,Export Quantity,tonnes,12062646,1166,351.0,KGZ,quantity,54.0
185,2051370,185,Russian Federation,Latvia,Maize,Export Quantity,tonnes,20802199,1966,95169.0,LVA,quantity,56254.0
186,2563234,230,Ukraine,Latvia,Maize,Export Quantity,tonnes,20802199,1966,95169.0,LVA,quantity,5462.0
187,2051672,185,Russian Federation,Lebanon,Maize,Export Quantity,tonnes,21304284,1834,929125.0,LBN,quantity,5600.0
188,2563515,230,Ukraine,Lebanon,Maize,Export Quantity,tonnes,21304284,1834,929125.0,LBN,quantity,260322.0
189,2051891,185,Russian Federation,Libya,Maize,Export Quantity,tonnes,13229418,1162,770035.0,LBY,quantity,97300.0
190,2563849,230,Ukraine,Libya,Maize,Export Quantity,tonnes,13229418,1162,770035.0,LBY,quantity,495352.0
191,2052171,185,Russian Federation,Lithuania,Maize,Export Quantity,tonnes,29299909,2794,278027.0,LTU,quantity,72137.0
192,2564076,230,Ukraine,Lithuania,Maize,Export Quantity,tonnes,29299909,2794,278027.0,LTU,quantity,180482.0
193,2053277,185,Russian Federation,Mongolia,Maize,Export Quantity,tonnes,6120678,524,8080.0,MNG,quantity,8019.0
194,2054063,185,Russian Federation,Netherlands,Maize,Export Quantity,tonnes,44523457,4416,5962475.0,NLD,quantity,6889.0
195,2565973,230,Ukraine,Netherlands,Maize,Export Quantity,tonnes,44523457,4416,5962475.0,NLD,quantity,2989169.0
196,2055098,185,Russian Federation,Oman,Maize,Export Quantity,tonnes,18479417,1837,378094.0,OMN,quantity,25718.0
197,2566910,230,Ukraine,Oman,Maize,Export Quantity,tonnes,18479417,1837,378094.0,OMN,quantity,125520.0
198,2056711,185,Russian Federation,Republic of Korea,Maize,Export Quantity,tonnes,22276491,2055,10661873.0,KOR ,quantity,221090.0
199,2568685,230,Ukraine,Republic of Korea,Maize,Export Quantity,tonnes,22276491,2055,10661873.0,KOR ,quantity,1320150.0
200,2057094,185,Russian Federation,Republic of Moldova,Maize,Export Quantity,tonnes,17402340,1607,37060.0,MDA,quantity,110.0
201,2569020,230,Ukraine,Republic of Moldova,Maize,Export Quantity,tonnes,17402340,1607,37060.0,MDA,quantity,4049.0
202,2059737,185,Russian Federation,Sweden,Maize,Export Quantity,tonnes,29221195,2853,58865.0,SWE,quantity,2806.0
203,2060588,185,Russian Federation,Tajikistan,Maize,Export Quantity,tonnes,4804974,406,7041.0,TJK,quantity,63.0
204,2061430,185,Russian Federation,Turkey,Maize,Export Quantity,tonnes,34957672,3176,3273231.0,TUR,quantity,629584.0
205,2574141,230,Ukraine,Turkey,Maize,Export Quantity,tonnes,34957672,3176,3273231.0,TUR,quantity,1432014.0
206,2061803,185,Russian Federation,Turkmenistan,Maize,Export Quantity,tonnes,5944333,516,8575.0,TKM,quantity,8200.0
207,2062278,185,Russian Federation,Ukraine,Maize,Export Quantity,tonnes,26132983,2389,27956.0,UKR,quantity,655.0
208,2063012,185,Russian Federation,United Kingdom of Great Britain and Northern Ireland,Maize,Export Quantity,tonnes,52145646,4948,1892463.0,GBR,quantity,32445.0
209,2575213,230,Ukraine,United Kingdom of Great Britain and Northern Ireland,Maize,Export Quantity,tonnes,52145646,4948,1892463.0,GBR,quantity,644118.0
210,2064095,185,Russian Federation,Uzbekistan,Maize,Export Quantity,tonnes,21904956,1977,64593.0,UZB,quantity,51.0
211,2576229,230,Ukraine,Uzbekistan,Maize,Export Quantity,tonnes,21904956,1977,64593.0,UZB,quantity,150.0
212,2064488,185,Russian Federation,Viet Nam,Maize,Export Quantity,tonnes,23667150,2073,12652778.0,VNM,quantity,501182.0
213,2576528,230,Ukraine,Viet Nam,Maize,Export Quantity,tonnes,23667150,2073,12652778.0,VNM,quantity,196175.0
214,2549946,230,Ukraine,Algeria,Maize,Export Quantity,tonnes,20136315,1860,5010449.0,DZA,quantity,772579.0
215,2551603,230,Ukraine,Bangladesh,Maize,Export Quantity,tonnes,13541114,1197,2205437.0,BGD,quantity,113337.0
216,2552316,230,Ukraine,Belgium,Maize,Export Quantity,tonnes,35420600,3397,1754435.0,BEL,quantity,515561.0
217,2552698,230,Ukraine,Benin,Maize,Export Quantity,tonnes,4823016,441,1332.0,BEN,quantity,34.0
218,2553650,230,Ukraine,Canada,Maize,Export Quantity,tonnes,30087077,2835,1780401.0,CAN,quantity,10583.0
219,2555035,230,Ukraine,Costa Rica,Maize,Export Quantity,tonnes,8235413,718,962825.0,CRI,quantity,615.0
220,2555837,230,Ukraine,Czechia,Maize,Export Quantity,tonnes,22375622,2356,156419.0,CZE,quantity,3549.0
221,2557839,230,Ukraine,France,Maize,Export Quantity,tonnes,53744637,5329,564273.0,FRA,quantity,4.0
222,2560379,230,Ukraine,India,Maize,Export Quantity,tonnes,20045003,1758,21486.0,IND,quantity,2343.0
223,2560791,230,Ukraine,Iran (Islamic Republic of),Maize,Export Quantity,tonnes,17517012,1615,6205078.0,IRN,quantity,1221416.0
224,2560943,230,Ukraine,Iraq,Maize,Export Quantity,tonnes,29287888,2699,772004.0,IRQ,quantity,110383.0
225,2561120,230,Ukraine,Ireland,Maize,Export Quantity,tonnes,26312271,2555,1750019.0,IRL,quantity,480506.0
226,2561415,230,Ukraine,Israel,Maize,Export Quantity,tonnes,17432290,1506,1906585.0,ISR,quantity,809205.0
227,2561806,230,Ukraine,Italy,Maize,Export Quantity,tonnes,42934054,4242,5872103.0,ITA,quantity,659939.0
228,2562771,230,Ukraine,Kenya,Maize,Export Quantity,tonnes,28770660,2447,362853.0,KEN,quantity,10000.0
229,2562843,230,Ukraine,Kuwait,Maize,Export Quantity,tonnes,27346402,2388,211591.0,KWT,quantity,21600.0
230,2563704,230,Ukraine,Liberia,Maize,Export Quantity,tonnes,8155554,727,1461.0,LBR,quantity,383.0
231,2564343,230,Ukraine,Madagascar,Maize,Export Quantity,tonnes,5702658,500,1133.0,MDG,quantity,975.0
232,2565539,230,Ukraine,Morocco,Maize,Export Quantity,tonnes,19068021,1737,2989047.0,MAR,quantity,269921.0
233,2565716,230,Ukraine,Nepal,Maize,Export Quantity,tonnes,10894076,958,544534.0,NPL,quantity,7935.0
234,2566320,230,Ukraine,New Zealand,Maize,Export Quantity,tonnes,14453760,1262,158649.0,NZL,quantity,399.0
235,2566772,230,Ukraine,Norway,Maize,Export Quantity,tonnes,24655694,2187,76178.0,NOR,quantity,2842.0
236,2566978,230,Ukraine,Pakistan,Maize,Export Quantity,tonnes,15892555,1363,25265.0,PAK,quantity,527.0
237,2567984,230,Ukraine,Poland,Maize,Export Quantity,tonnes,29426756,2941,393336.0,POL,quantity,1469.0
238,2568384,230,Ukraine,Portugal,Maize,Export Quantity,tonnes,30312498,3027,1886046.0,PRT,quantity,734053.0
239,2568533,230,Ukraine,Qatar,Maize,Export Quantity,tonnes,22225564,2293,81791.0,QAT,quantity,3025.0
240,2569373,230,Ukraine,Romania,Maize,Export Quantity,tonnes,32328412,3022,3678505.0,ROU,quantity,689.0
241,2570466,230,Ukraine,Saudi Arabia,Maize,Export Quantity,tonnes,30657316,2664,4191341.0,SAU,quantity,71733.0
242,2570662,230,Ukraine,Serbia,Maize,Export Quantity,tonnes,24187851,2321,17443.0,SRB,quantity,7.0
243,2570865,230,Ukraine,Seychelles,Maize,Export Quantity,tonnes,13266570,1252,3809.0,SYC,quantity,498.0
244,2571930,230,Ukraine,South Africa,Maize,Export Quantity,tonnes,24283372,2168,4533.0,ZAF,quantity,468.0
245,2572217,230,Ukraine,Spain,Maize,Export Quantity,tonnes,34583302,3326,7853214.0,ESP,quantity,2679600.0
246,2572474,230,Ukraine,Sri Lanka,Maize,Export Quantity,tonnes,11483172,1014,7106.0,LKA,quantity,164.0
247,2572957,230,Ukraine,Switzerland,Maize,Export Quantity,tonnes,31620093,2839,261652.0,CHE,quantity,12782.0
248,2573228,230,Ukraine,Syrian Arab Republic,Maize,Export Quantity,tonnes,22719006,2110,219149.0,SYR,quantity,21750.0
249,2573582,230,Ukraine,Thailand,Maize,Export Quantity,tonnes,14784132,1364,186436.0,THA,quantity,9965.0
250,2573865,230,Ukraine,Tunisia,Maize,Export Quantity,tonnes,11794382,1063,1004534.0,TUN,quantity,507588.0
251,2574836,230,Ukraine,United Arab Emirates,Maize,Export Quantity,tonnes,35507884,3117,539973.0,ARE,quantity,118299.0
252,2576658,230,Ukraine,Yemen,Maize,Export Quantity,tonnes,12035528,1048,702736.0,YEM,quantity,140.0
253,2035696,185,Russian Federation,Afghanistan,Wheat,Export Quantity,tonnes,7079058,618,587407.0,AFG,proportion,0.005769423925829961
254,2035761,185,Russian Federation,Albania,Wheat,Export Quantity,tonnes,13637420,1321,245700.0,ALB,proportion,0.6075579975579976
255,2549916,230,Ukraine,Albania,Wheat,Export Quantity,tonnes,13637420,1321,245700.0,ALB,proportion,0.09343101343101343
256,2035880,185,Russian Federation,Angola,Wheat,Export Quantity,tonnes,14750401,1304,579739.0,AGO,proportion,0.34438255835815773
257,2036587,185,Russian Federation,Armenia,Wheat,Export Quantity,tonnes,2036587,185,334864.0,ARM,proportion,1.0
258,2037675,185,Russian Federation,Azerbaijan,Wheat,Export Quantity,tonnes,9292808,805,1403540.0,AZE,proportion,0.9867955312994285
259,2037876,185,Russian Federation,Bangladesh,Wheat,Export Quantity,tonnes,13258968,1154,6014981.0,BGD,proportion,0.322670179673053
260,2551649,230,Ukraine,Bangladesh,Wheat,Export Quantity,tonnes,13258968,1154,6014981.0,BGD,proportion,0.251825400612238
261,2038546,185,Russian Federation,Belarus,Wheat,Export Quantity,tonnes,9031335,913,18802.0,BLR,proportion,0.8362408254441017
262,2552105,230,Ukraine,Belarus,Wheat,Export Quantity,tonnes,9031335,913,18802.0,BLR,proportion,0.06791830656313158
263,2039301,185,Russian Federation,Benin,Wheat,Export Quantity,tonnes,4592016,415,22502.0,BEN,proportion,0.9999111190116434
264,2552715,230,Ukraine,Benin,Wheat,Export Quantity,tonnes,4592016,415,22502.0,BEN,proportion,8.888098835659053e-05
265,2039715,185,Russian Federation,Brazil,Wheat,Export Quantity,tonnes,10627499,929,5912452.0,BRA,proportion,0.040179269108654075
266,2040048,185,Russian Federation,Bulgaria,Wheat,Export Quantity,tonnes,15714428,1479,26379.0,BGR,proportion,0.35551006482429204
267,2040096,185,Russian Federation,Burkina Faso,Wheat,Export Quantity,tonnes,2895573,253,163130.0,BFA,proportion,0.03861950591552749
268,2040106,185,Russian Federation,Burundi,Wheat,Export Quantity,tonnes,7006125,613,33806.0,BDI,proportion,0.506744364905638
269,2040112,185,Russian Federation,Cabo Verde,Wheat,Export Quantity,tonnes,6830388,606,12732.0,CPV,proportion,0.7854225573358466
270,2040205,185,Russian Federation,Cameroon,Wheat,Export Quantity,tonnes,4758447,412,815783.0,CMR,proportion,0.476229585563808
271,2041494,185,Russian Federation,"China, mainland",Wheat,Export Quantity,tonnes,17330876,1499,10369734.0,CHN,proportion,0.005498019524898132
272,2554586,230,Ukraine,"China, mainland",Wheat,Export Quantity,tonnes,17330876,1499,10369734.0,CHN,proportion,0.0005716636511601937
273,2041805,185,Russian Federation,Congo,Wheat,Export Quantity,tonnes,8233389,714,245269.0,COG,proportion,0.7512323204318524
274,2041997,185,Russian Federation,Côte d'Ivoire,Wheat,Export Quantity,tonnes,7035766,611,667338.0,CIV,proportion,0.09735396455769041
275,2042507,185,Russian Federation,Cyprus,Wheat,Export Quantity,tonnes,21194473,1841,77368.0,CYP,proportion,0.3223942715334505
276,2555660,230,Ukraine,Cyprus,Wheat,Export Quantity,tonnes,21194473,1841,77368.0,CYP,proportion,0.11637886464688244
277,2043023,185,Russian Federation,Democratic People's Republic of Korea,Wheat,Export Quantity,tonnes,3180173,285,50571.0,PRK,proportion,0.9887089438611062
278,2043061,185,Russian Federation,Democratic Republic of the Congo,Wheat,Export Quantity,tonnes,8647023,753,326329.0,COD,proportion,0.6098967606311422
279,2043844,185,Russian Federation,Egypt,Wheat,Export Quantity,tonnes,19272793,1665,13236015.0,EGY,proportion,0.623643521105106
280,2556955,230,Ukraine,Egypt,Wheat,Export Quantity,tonnes,19272793,1665,13236015.0,EGY,proportion,0.23233760312299434
281,2044358,185,Russian Federation,Ethiopia,Wheat,Export Quantity,tonnes,10624667,944,861383.0,ETH,proportion,0.060368036053648606
282,2557415,230,Ukraine,Ethiopia,Wheat,Export Quantity,tonnes,10624667,944,861383.0,ETH,proportion,0.20319184381395963
283,2044765,185,Russian Federation,Finland,Wheat,Export Quantity,tonnes,16463540,1761,122448.0,FIN,proportion,0.7193829217300405
284,2045276,185,Russian Federation,Gabon,Wheat,Export Quantity,tonnes,3330085,286,110982.0,GAB,proportion,0.11398244760411598
285,2045286,185,Russian Federation,Gambia,Wheat,Export Quantity,tonnes,5958105,526,87489.0,GMB,proportion,0.602361439723851
286,2045696,185,Russian Federation,Georgia,Wheat,Export Quantity,tonnes,11300316,991,615559.0,GEO,proportion,0.9558661314350047
287,2558510,230,Ukraine,Georgia,Wheat,Export Quantity,tonnes,11300316,991,615559.0,GEO,proportion,7.797790301173405e-05
288,2046264,185,Russian Federation,Germany,Wheat,Export Quantity,tonnes,41073866,4182,3944767.0,DEU,proportion,0.00011001917223501414
289,2559059,230,Ukraine,Germany,Wheat,Export Quantity,tonnes,41073866,4182,3944767.0,DEU,proportion,0.0018066973283846677
290,2046333,185,Russian Federation,Ghana,Wheat,Export Quantity,tonnes,10707277,934,803924.0,GHA,proportion,0.2897525139192262
291,2046697,185,Russian Federation,Greece,Wheat,Export Quantity,tonnes,27115708,2469,946595.0,GRC,proportion,0.15581637342263588
292,2559524,230,Ukraine,Greece,Wheat,Export Quantity,tonnes,27115708,2469,946595.0,GRC,proportion,0.09213655259112925
293,2046874,185,Russian Federation,Guinea,Wheat,Export Quantity,tonnes,11099671,962,350857.0,GIN,proportion,0.17100984161638502
294,2047838,185,Russian Federation,Indonesia,Wheat,Export Quantity,tonnes,13035281,1115,9688980.0,IDN,proportion,0.0003056049243573627
295,2560680,230,Ukraine,Indonesia,Wheat,Export Quantity,tonnes,13035281,1115,9688980.0,IDN,proportion,0.2805934164380564
296,2048123,185,Russian Federation,Iraq,Wheat,Export Quantity,tonnes,18027322,1813,21931.0,IRQ,proportion,0.0023710729104919974
297,2048680,185,Russian Federation,Israel,Wheat,Export Quantity,tonnes,22700681,1955,1636545.0,ISR,proportion,0.33065146390719474
298,2561573,230,Ukraine,Israel,Wheat,Export Quantity,tonnes,22700681,1955,1636545.0,ISR,proportion,0.17138178296349932
299,2049138,185,Russian Federation,Italy,Wheat,Export Quantity,tonnes,41102665,4026,7588303.0,ITA,proportion,0.012193108261491403
300,2562030,230,Ukraine,Italy,Wheat,Export Quantity,tonnes,41102665,4026,7588303.0,ITA,proportion,0.028887750001548435
301,2049678,185,Russian Federation,Jordan,Wheat,Export Quantity,tonnes,14286936,1255,1220301.0,JOR,proportion,0.23986950760509088
302,2562456,230,Ukraine,Jordan,Wheat,Export Quantity,tonnes,14286936,1255,1220301.0,JOR,proportion,0.18362436808623447
303,2050318,185,Russian Federation,Kazakhstan,Wheat,Export Quantity,tonnes,16866377,1478,524904.0,KAZ,proportion,0.998197765686678
304,2562726,230,Ukraine,Kazakhstan,Wheat,Export Quantity,tonnes,16866377,1478,524904.0,KAZ,proportion,0.00016955481383262462
305,2050438,185,Russian Federation,Kenya,Wheat,Export Quantity,tonnes,20224561,1780,1882666.0,KEN,proportion,0.31983208917566897
306,2562799,230,Ukraine,Kenya,Wheat,Export Quantity,tonnes,20224561,1780,1882666.0,KEN,proportion,0.0448534153163652
307,2051092,185,Russian Federation,Kyrgyzstan,Wheat,Export Quantity,tonnes,3395841,293,186433.0,KGZ,proportion,0.7033733298289466
308,2051574,185,Russian Federation,Latvia,Wheat,Export Quantity,tonnes,17684854,1516,954352.0,LVA,proportion,0.39280265562392075
309,2051756,185,Russian Federation,Lebanon,Wheat,Export Quantity,tonnes,17311764,1490,1219460.0,LBN,proportion,0.1306840732783363
310,2563611,230,Ukraine,Lebanon,Wheat,Export Quantity,tonnes,17311764,1490,1219460.0,LBN,proportion,0.5491471634985977
311,2051870,185,Russian Federation,Liberia,Wheat,Export Quantity,tonnes,5742794,495,35676.0,LBR,proportion,0.35317860746720486
312,2051911,185,Russian Federation,Libya,Wheat,Export Quantity,tonnes,14881928,1331,1132493.0,LBY,proportion,0.15072852547432963
313,2563894,230,Ukraine,Libya,Wheat,Export Quantity,tonnes,14881928,1331,1132493.0,LBY,proportion,0.4824842184455003
314,2052413,185,Russian Federation,Lithuania,Wheat,Export Quantity,tonnes,27020200,2489,325711.0,LTU,proportion,0.5219412301089003
315,2052542,185,Russian Federation,Madagascar,Wheat,Export Quantity,tonnes,4607603,404,69012.0,MDG,proportion,0.5216484089723527
316,2052554,185,Russian Federation,Malawi,Wheat,Export Quantity,tonnes,3625780,318,59309.0,MWI,proportion,0.7849398910789256
317,2052742,185,Russian Federation,Malaysia,Wheat,Export Quantity,tonnes,17622971,1523,1385213.0,MYS,proportion,0.03844029762931766
318,2564555,230,Ukraine,Malaysia,Wheat,Export Quantity,tonnes,17622971,1523,1385213.0,MYS,proportion,0.285294030593129
319,2052775,185,Russian Federation,Mali,Wheat,Export Quantity,tonnes,5054218,448,357121.0,MLI,proportion,0.38369348204110093
320,2052808,185,Russian Federation,Malta,Wheat,Export Quantity,tonnes,8762724,767,14074.0,MLT,proportion,0.4118232201222112
321,2052892,185,Russian Federation,Mauritania,Wheat,Export Quantity,tonnes,12690404,1095,695692.0,MRT,proportion,0.2272643641151544
322,2565086,230,Ukraine,Mauritania,Wheat,Export Quantity,tonnes,12690404,1095,695692.0,MRT,proportion,0.18128280905918137
323,2053106,185,Russian Federation,Mexico,Wheat,Export Quantity,tonnes,8651723,747,4117763.0,MEX,proportion,0.023323343281291323
324,2565231,230,Ukraine,Mexico,Wheat,Export Quantity,tonnes,8651723,747,4117763.0,MEX,proportion,0.007950918981981235
325,2053430,185,Russian Federation,Mongolia,Wheat,Export Quantity,tonnes,2053430,185,177705.0,MNG,proportion,1.0
326,2053680,185,Russian Federation,Morocco,Wheat,Export Quantity,tonnes,25860092,2239,5394037.0,MAR,proportion,0.07906619847064453
327,2565611,230,Ukraine,Morocco,Wheat,Export Quantity,tonnes,25860092,2239,5394037.0,MAR,proportion,0.17649841853142645
328,2053704,185,Russian Federation,Mozambique,Wheat,Export Quantity,tonnes,19729628,1729,928684.0,MOZ,proportion,0.37640144548630106
329,2565642,230,Ukraine,Mozambique,Wheat,Export Quantity,tonnes,19729628,1729,928684.0,MOZ,proportion,0.11144802753143157
330,2053773,185,Russian Federation,Namibia,Wheat,Export Quantity,tonnes,8442120,730,127843.0,NAM,proportion,0.6547405802429542
331,2054294,185,Russian Federation,Netherlands,Wheat,Export Quantity,tonnes,38083002,3740,3991241.0,NLD,proportion,0.0003645482695732981
332,2566211,230,Ukraine,Netherlands,Wheat,Export Quantity,tonnes,38083002,3740,3991241.0,NLD,proportion,0.005326664062631147
333,2054562,185,Russian Federation,Nicaragua,Wheat,Export Quantity,tonnes,5985765,509,184634.0,NIC,proportion,0.5546215756577878
334,2054648,185,Russian Federation,Nigeria,Wheat,Export Quantity,tonnes,20341684,1760,5902528.0,NGA,proportion,0.169102289730773
335,2055077,185,Russian Federation,Norway,Wheat,Export Quantity,tonnes,21606608,2030,285859.0,NOR,proportion,0.0768525741711823
336,2055111,185,Russian Federation,Oman,Wheat,Export Quantity,tonnes,9865963,862,653069.0,OMN,proportion,0.6570438958211153
337,2566932,230,Ukraine,Oman,Wheat,Export Quantity,tonnes,9865963,862,653069.0,OMN,proportion,0.03698077844760661
338,2055239,185,Russian Federation,Pakistan,Wheat,Export Quantity,tonnes,7254510,620,2850310.0,PAK,proportion,0.41156260196259353
339,2567039,230,Ukraine,Pakistan,Wheat,Export Quantity,tonnes,7254510,620,2850310.0,PAK,proportion,0.4366002294487266
340,2055782,185,Russian Federation,Philippines,Wheat,Export Quantity,tonnes,18370885,1574,6635837.0,PHL,proportion,0.08359804497910361
341,2567680,230,Ukraine,Philippines,Wheat,Export Quantity,tonnes,18370885,1574,6635837.0,PHL,proportion,0.09523531093364711
342,2056273,185,Russian Federation,Poland,Wheat,Export Quantity,tonnes,26473160,2713,790767.0,POL,proportion,0.0013265601624751664
343,2568261,230,Ukraine,Poland,Wheat,Export Quantity,tonnes,26473160,2713,790767.0,POL,proportion,0.00501791298827594
344,2056544,185,Russian Federation,Qatar,Wheat,Export Quantity,tonnes,16456012,1434,206589.0,QAT,proportion,0.39692335990783634
345,2568580,230,Ukraine,Qatar,Wheat,Export Quantity,tonnes,16456012,1434,206589.0,QAT,proportion,0.19657871425874562
346,2056891,185,Russian Federation,Republic of Korea,Wheat,Export Quantity,tonnes,15317702,1560,3417330.0,KOR ,proportion,0.024007339062952656
347,2568802,230,Ukraine,Republic of Korea,Wheat,Export Quantity,tonnes,15317702,1560,3417330.0,KOR ,proportion,0.09435699800721616
348,2057292,185,Russian Federation,Republic of Moldova,Wheat,Export Quantity,tonnes,8439257,862,4224.0,MDA,proportion,0.015151515151515152
349,2569218,230,Ukraine,Republic of Moldova,Wheat,Export Quantity,tonnes,8439257,862,4224.0,MDA,proportion,0.9346590909090909
350,2057498,185,Russian Federation,Romania,Wheat,Export Quantity,tonnes,21645727,2320,1430810.0,ROU,proportion,0.03924979557034128
351,2057526,185,Russian Federation,Rwanda,Wheat,Export Quantity,tonnes,6930104,605,70256.0,RWA,proportion,0.9235225461170576
352,2057642,185,Russian Federation,Saudi Arabia,Wheat,Export Quantity,tonnes,22714211,1939,3109470.0,SAU,proportion,0.07928039183526453
353,2570522,230,Ukraine,Saudi Arabia,Wheat,Export Quantity,tonnes,22714211,1939,3109470.0,SAU,proportion,0.02063341984325303
354,2057704,185,Russian Federation,Senegal,Wheat,Export Quantity,tonnes,5985689,507,599509.0,SEN,proportion,0.5656595647438154
355,2057993,185,Russian Federation,Serbia,Wheat,Export Quantity,tonnes,22190178,2139,56380.0,SRB,proportion,0.001897836112096488
356,2570750,230,Ukraine,Serbia,Wheat,Export Quantity,tonnes,22190178,2139,56380.0,SRB,proportion,0.00039020929407591345
357,2058767,185,Russian Federation,Somalia,Wheat,Export Quantity,tonnes,8398530,740,75414.0,SOM,proportion,0.39316307316943805
358,2571831,230,Ukraine,Somalia,Wheat,Export Quantity,tonnes,8398530,740,75414.0,SOM,proportion,0.5304054950009283
359,2058967,185,Russian Federation,South Africa,Wheat,Export Quantity,tonnes,20335107,1691,2174258.0,ZAF,proportion,0.25489569315141075
360,2572010,230,Ukraine,South Africa,Wheat,Export Quantity,tonnes,20335107,1691,2174258.0,ZAF,proportion,0.02759884061597106
361,2059388,185,Russian Federation,Spain,Wheat,Export Quantity,tonnes,32285100,3023,3321765.0,ESP,proportion,0.0064691511892021256
362,2572413,230,Ukraine,Spain,Wheat,Export Quantity,tonnes,32285100,3023,3321765.0,ESP,proportion,0.11217771275210618
363,2059508,185,Russian Federation,Sri Lanka,Wheat,Export Quantity,tonnes,11661076,1014,1290215.0,LKA,proportion,0.32185333452176573
364,2572520,230,Ukraine,Sri Lanka,Wheat,Export Quantity,tonnes,11661076,1014,1290215.0,LKA,proportion,0.08901927198180148
365,2059557,185,Russian Federation,Sudan,Wheat,Export Quantity,tonnes,9927488,863,2429207.0,SDN,proportion,0.5489071124856795
366,2572545,230,Ukraine,Sudan,Wheat,Export Quantity,tonnes,9927488,863,2429207.0,SDN,proportion,0.04509660971666885
367,2060228,185,Russian Federation,Switzerland,Wheat,Export Quantity,tonnes,29812250,2988,477341.0,CHE,proportion,0.11508963194026911
368,2573123,230,Ukraine,Switzerland,Wheat,Export Quantity,tonnes,29812250,2988,477341.0,CHE,proportion,0.02267561345034263
369,2060778,185,Russian Federation,Tajikistan,Wheat,Export Quantity,tonnes,3410087,293,1026041.0,TJK,proportion,0.005262947582016703
370,2061042,185,Russian Federation,Thailand,Wheat,Export Quantity,tonnes,20914235,1794,3050410.0,THA,proportion,0.10266062594864298
371,2573685,230,Ukraine,Thailand,Wheat,Export Quantity,tonnes,20914235,1794,3050410.0,THA,proportion,0.18471254683796604
372,2061060,185,Russian Federation,Togo,Wheat,Export Quantity,tonnes,3664072,318,110008.0,TGO,proportion,0.6363173587375464
373,2061212,185,Russian Federation,Tunisia,Wheat,Export Quantity,tonnes,17759256,1556,1995270.0,TUN,proportion,0.05576538513584628
374,2573907,230,Ukraine,Tunisia,Wheat,Export Quantity,tonnes,17759256,1556,1995270.0,TUN,proportion,0.4931743573551449
375,2061638,185,Russian Federation,Turkey,Wheat,Export Quantity,tonnes,32865443,3216,10801100.0,TUR,proportion,0.7314579070650211
376,2574362,230,Ukraine,Turkey,Wheat,Export Quantity,tonnes,32865443,3216,10801100.0,TUR,proportion,0.09293127551823425
377,2061948,185,Russian Federation,Turkmenistan,Wheat,Export Quantity,tonnes,3411982,293,70278.0,TKM,proportion,0.2455391445402544
378,2061987,185,Russian Federation,Uganda,Wheat,Export Quantity,tonnes,10447742,1078,455201.0,UGA,proportion,0.4223738524300254
379,2062570,185,Russian Federation,Ukraine,Wheat,Export Quantity,tonnes,15061142,1544,47940.0,UKR,proportion,0.23633708802670003
380,2062807,185,Russian Federation,United Arab Emirates,Wheat,Export Quantity,tonnes,18051543,1561,1297235.0,ARE,proportion,0.5199967623445251
381,2574968,230,Ukraine,United Arab Emirates,Wheat,Export Quantity,tonnes,18051543,1561,1297235.0,ARE,proportion,0.008548952194475172
382,2063278,185,Russian Federation,United Republic of Tanzania,Wheat,Export Quantity,tonnes,15051335,1311,990078.0,TZA,proportion,0.7079351323835091
383,2575545,230,Ukraine,United Republic of Tanzania,Wheat,Export Quantity,tonnes,15051335,1311,990078.0,TZA,proportion,0.04708719919036682
384,2064297,185,Russian Federation,Uzbekistan,Wheat,Export Quantity,tonnes,5554734,565,2955007.0,UZB,proportion,0.004772239118215287
385,2064649,185,Russian Federation,Viet Nam,Wheat,Export Quantity,tonnes,15766598,1520,2993862.0,VNM,proportion,0.1551146980054525
386,2576632,230,Ukraine,Viet Nam,Wheat,Export Quantity,tonnes,15766598,1520,2993862.0,VNM,proportion,0.08966779363911898
387,2064721,185,Russian Federation,Yemen,Wheat,Export Quantity,tonnes,13035970,1132,3044866.0,YEM,proportion,0.26145748285803055
388,2576680,230,Ukraine,Yemen,Wheat,Export Quantity,tonnes,13035970,1132,3044866.0,YEM,proportion,0.23260432478802023
389,2549973,230,Ukraine,Algeria,Wheat,Export Quantity,tonnes,24433656,2129,7053568.0,DZA,proportion,0.0007655699923783254
390,2551039,230,Ukraine,Austria,Wheat,Export Quantity,tonnes,23470317,2585,1082716.0,AUT,proportion,0.00022720639576768054
391,2553436,230,Ukraine,Cambodia,Wheat,Export Quantity,tonnes,8396934,744,2697.0,KHM,proportion,0.1353355580274379
392,2554196,230,Ukraine,"China, Hong Kong SAR",Wheat,Export Quantity,tonnes,10221048,1008,4517.0,HKG,proportion,0.20035421740092982
393,2554735,230,Ukraine,"China, Taiwan Province of",Wheat,Export Quantity,tonnes,14635883,1252,1280640.0,TWN,proportion,0.006481134432783608
394,2556011,230,Ukraine,Czechia,Wheat,Export Quantity,tonnes,19672708,1969,137197.0,CZE,proportion,0.00045919371414826856
395,2556452,230,Ukraine,Djibouti,Wheat,Export Quantity,tonnes,7276873,644,53439.0,DJI,proportion,0.32027171167125135
396,2556704,230,Ukraine,Ecuador,Wheat,Export Quantity,tonnes,7575081,673,1183963.0,ECU,proportion,0.027565050597020347
397,2557337,230,Ukraine,Estonia,Wheat,Export Quantity,tonnes,10031537,867,17152.0,EST,proportion,0.35855876865671643
398,2562885,230,Ukraine,Kuwait,Wheat,Export Quantity,tonnes,10489503,908,488188.0,KWT,proportion,0.0007107917441641335
399,2563052,230,Ukraine,Lao People's Democratic Republic,Wheat,Export Quantity,tonnes,2563052,230,3070.0,LAO,proportion,1.0
400,2565677,230,Ukraine,Myanmar,Wheat,Export Quantity,tonnes,13103507,1205,443792.0,MMR,proportion,0.11049320402350651
401,2566219,230,Ukraine,New Caledonia,Wheat,Export Quantity,tonnes,5838041,511,26538.0,NCL,proportion,0.03711658753485568
402,2566421,230,Ukraine,New Zealand,Wheat,Export Quantity,tonnes,3911978,340,371709.0,NZL,proportion,0.001084181443010527
403,2575435,230,Ukraine,United Kingdom of Great Britain and Northern Ireland,Wheat,Export Quantity,tonnes,44007131,4346,2173046.0,GBR,proportion,0.013355446686356387
404,2036341,185,Russian Federation,Armenia,Maize,Export Quantity,tonnes,7788083,669,43107.0,ARM,proportion,0.9863363258867469
405,2037076,185,Russian Federation,Austria,Maize,Export Quantity,tonnes,34217430,3522,1123635.0,AUT,proportion,2.669906152798729e-06
406,2550841,230,Ukraine,Austria,Maize,Export Quantity,tonnes,34217430,3522,1123635.0,AUT,proportion,2.669906152798729e-05
407,2037476,185,Russian Federation,Azerbaijan,Maize,Export Quantity,tonnes,19938185,1843,48177.0,AZE,proportion,0.941133736015111
408,2551200,230,Ukraine,Azerbaijan,Maize,Export Quantity,tonnes,19938185,1843,48177.0,AZE,proportion,0.0011831371816426925
409,2038234,185,Russian Federation,Belarus,Maize,Export Quantity,tonnes,25465963,2309,87062.0,BLR,proportion,0.23745147136523398
410,2551920,230,Ukraine,Belarus,Maize,Export Quantity,tonnes,25465963,2309,87062.0,BLR,proportion,0.653017389906044
411,2039889,185,Russian Federation,Bulgaria,Maize,Export Quantity,tonnes,27130755,2596,36580.0,BGR,proportion,0.0032804811372334607
412,2553103,230,Ukraine,Bulgaria,Maize,Export Quantity,tonnes,27130755,2596,36580.0,BGR,proportion,0.009267359212684527
413,2041231,185,Russian Federation,"China, mainland",Maize,Export Quantity,tonnes,22680805,1918,15025884.0,CHN,proportion,0.013476944185114166
414,2554390,230,Ukraine,"China, mainland",Maize,Export Quantity,tonnes,22680805,1918,15025884.0,CHN,proportion,0.5132816811310402
415,2042382,185,Russian Federation,Cyprus,Maize,Export Quantity,tonnes,22406486,1937,315885.0,CYP,proportion,0.020906342498061004
416,2555509,230,Ukraine,Cyprus,Maize,Export Quantity,tonnes,22406486,1937,315885.0,CYP,proportion,0.13350428162147618
417,2043246,185,Russian Federation,Denmark,Maize,Export Quantity,tonnes,35208361,3498,208532.0,DNK,proportion,0.011988567701839526
418,2043737,185,Russian Federation,Egypt,Maize,Export Quantity,tonnes,21312652,2052,10751064.0,EGY,proportion,6.976053718962142e-05
419,2556831,230,Ukraine,Egypt,Maize,Export Quantity,tonnes,21312652,2052,10751064.0,EGY,proportion,0.2719614542337391
420,2044087,185,Russian Federation,Estonia,Maize,Export Quantity,tonnes,24134647,2244,38544.0,EST,proportion,0.0017123287671232876
421,2557178,230,Ukraine,Estonia,Maize,Export Quantity,tonnes,24134647,2244,38544.0,EST,proportion,0.01029991697799917
422,2044573,185,Russian Federation,Finland,Maize,Export Quantity,tonnes,23948915,2209,23797.0,FIN,proportion,0.3213850485355297
423,2557535,230,Ukraine,Finland,Maize,Export Quantity,tonnes,23948915,2209,23797.0,FIN,proportion,0.013194940538723368
424,2045499,185,Russian Federation,Georgia,Maize,Export Quantity,tonnes,19114405,1778,186145.0,GEO,proportion,0.9750194740659164
425,2558344,230,Ukraine,Georgia,Maize,Export Quantity,tonnes,19114405,1778,186145.0,GEO,proportion,0.018179376292675065
426,2045993,185,Russian Federation,Germany,Maize,Export Quantity,tonnes,51898001,5154,3840499.0,DEU,proportion,0.004790783697639291
427,2558796,230,Ukraine,Germany,Maize,Export Quantity,tonnes,51898001,5154,3840499.0,DEU,proportion,0.08292490116518712
428,2046516,185,Russian Federation,Greece,Maize,Export Quantity,tonnes,26684388,2436,741862.0,GRC,proportion,0.02054560012509065
429,2047118,185,Russian Federation,Hungary,Maize,Export Quantity,tonnes,33681065,3486,123729.0,HUN,proportion,0.00030712282488341456
430,2559961,230,Ukraine,Hungary,Maize,Export Quantity,tonnes,33681065,3486,123729.0,HUN,proportion,0.20739681077192898
431,2049338,185,Russian Federation,Japan,Maize,Export Quantity,tonnes,37704678,3548,14816461.0,JPN,proportion,0.004847648841379868
432,2562178,230,Ukraine,Japan,Maize,Export Quantity,tonnes,37704678,3548,14816461.0,JPN,proportion,3.1721475188980687e-06
433,2049597,185,Russian Federation,Jordan,Maize,Export Quantity,tonnes,19683308,1716,736853.0,JOR,proportion,0.000711132342543221
434,2562378,230,Ukraine,Jordan,Maize,Export Quantity,tonnes,19683308,1716,736853.0,JOR,proportion,0.051909946760072906
435,2050011,185,Russian Federation,Kazakhstan,Maize,Export Quantity,tonnes,20889790,1943,7804.0,KAZ,proportion,0.6230138390568939
436,2562591,230,Ukraine,Kazakhstan,Maize,Export Quantity,tonnes,20889790,1943,7804.0,KAZ,proportion,0.03741670937980523
437,2050859,185,Russian Federation,Kyrgyzstan,Maize,Export Quantity,tonnes,12062646,1166,351.0,KGZ,proportion,0.15384615384615385
438,2051370,185,Russian Federation,Latvia,Maize,Export Quantity,tonnes,20802199,1966,95169.0,LVA,proportion,0.5910958400319432
439,2563234,230,Ukraine,Latvia,Maize,Export Quantity,tonnes,20802199,1966,95169.0,LVA,proportion,0.05739263835912955
440,2051672,185,Russian Federation,Lebanon,Maize,Export Quantity,tonnes,21304284,1834,929125.0,LBN,proportion,0.006027176106551863
441,2563515,230,Ukraine,Lebanon,Maize,Export Quantity,tonnes,21304284,1834,929125.0,LBN,proportion,0.280179739001749
442,2051891,185,Russian Federation,Libya,Maize,Export Quantity,tonnes,13229418,1162,770035.0,LBY,proportion,0.12635789282305349
443,2563849,230,Ukraine,Libya,Maize,Export Quantity,tonnes,13229418,1162,770035.0,LBY,proportion,0.6432850454849455
444,2052171,185,Russian Federation,Lithuania,Maize,Export Quantity,tonnes,29299909,2794,278027.0,LTU,proportion,0.2594604121182475
445,2564076,230,Ukraine,Lithuania,Maize,Export Quantity,tonnes,29299909,2794,278027.0,LTU,proportion,0.6491527801256712
446,2053277,185,Russian Federation,Mongolia,Maize,Export Quantity,tonnes,6120678,524,8080.0,MNG,proportion,0.992450495049505
447,2054063,185,Russian Federation,Netherlands,Maize,Export Quantity,tonnes,44523457,4416,5962475.0,NLD,proportion,0.0011553926850846334
448,2565973,230,Ukraine,Netherlands,Maize,Export Quantity,tonnes,44523457,4416,5962475.0,NLD,proportion,0.5013302361854767
449,2055098,185,Russian Federation,Oman,Maize,Export Quantity,tonnes,18479417,1837,378094.0,OMN,proportion,0.0680201219802483
450,2566910,230,Ukraine,Oman,Maize,Export Quantity,tonnes,18479417,1837,378094.0,OMN,proportion,0.3319809359577248
451,2056711,185,Russian Federation,Republic of Korea,Maize,Export Quantity,tonnes,22276491,2055,10661873.0,KOR ,proportion,0.02073650661567625
452,2568685,230,Ukraine,Republic of Korea,Maize,Export Quantity,tonnes,22276491,2055,10661873.0,KOR ,proportion,0.12381970785058123
453,2057094,185,Russian Federation,Republic of Moldova,Maize,Export Quantity,tonnes,17402340,1607,37060.0,MDA,proportion,0.0029681597409606042
454,2569020,230,Ukraine,Republic of Moldova,Maize,Export Quantity,tonnes,17402340,1607,37060.0,MDA,proportion,0.10925526173772261
455,2059737,185,Russian Federation,Sweden,Maize,Export Quantity,tonnes,29221195,2853,58865.0,SWE,proportion,0.04766839378238342
456,2060588,185,Russian Federation,Tajikistan,Maize,Export Quantity,tonnes,4804974,406,7041.0,TJK,proportion,0.008947592671495527
457,2061430,185,Russian Federation,Turkey,Maize,Export Quantity,tonnes,34957672,3176,3273231.0,TUR,proportion,0.1923432840517519
458,2574141,230,Ukraine,Turkey,Maize,Export Quantity,tonnes,34957672,3176,3273231.0,TUR,proportion,0.43749249594666556
459,2061803,185,Russian Federation,Turkmenistan,Maize,Export Quantity,tonnes,5944333,516,8575.0,TKM,proportion,0.956268221574344
460,2062278,185,Russian Federation,Ukraine,Maize,Export Quantity,tonnes,26132983,2389,27956.0,UKR,proportion,0.02342967520389183
461,2063012,185,Russian Federation,United Kingdom of Great Britain and Northern Ireland,Maize,Export Quantity,tonnes,52145646,4948,1892463.0,GBR,proportion,0.0171443246182356
462,2575213,230,Ukraine,United Kingdom of Great Britain and Northern Ireland,Maize,Export Quantity,tonnes,52145646,4948,1892463.0,GBR,proportion,0.34035962658186714
463,2064095,185,Russian Federation,Uzbekistan,Maize,Export Quantity,tonnes,21904956,1977,64593.0,UZB,proportion,0.000789559240165343
464,2576229,230,Ukraine,Uzbekistan,Maize,Export Quantity,tonnes,21904956,1977,64593.0,UZB,proportion,0.002322233059309832
465,2064488,185,Russian Federation,Viet Nam,Maize,Export Quantity,tonnes,23667150,2073,12652778.0,VNM,proportion,0.03961043179608462
466,2576528,230,Ukraine,Viet Nam,Maize,Export Quantity,tonnes,23667150,2073,12652778.0,VNM,proportion,0.015504500276540061
467,2549946,230,Ukraine,Algeria,Maize,Export Quantity,tonnes,20136315,1860,5010449.0,DZA,proportion,0.15419356628517725
468,2551603,230,Ukraine,Bangladesh,Maize,Export Quantity,tonnes,13541114,1197,2205437.0,BGD,proportion,0.05138981526110245
469,2552316,230,Ukraine,Belgium,Maize,Export Quantity,tonnes,35420600,3397,1754435.0,BEL,proportion,0.29386155656949386
470,2552698,230,Ukraine,Benin,Maize,Export Quantity,tonnes,4823016,441,1332.0,BEN,proportion,0.025525525525525526
471,2553650,230,Ukraine,Canada,Maize,Export Quantity,tonnes,30087077,2835,1780401.0,CAN,proportion,0.005944166510802903
472,2555035,230,Ukraine,Costa Rica,Maize,Export Quantity,tonnes,8235413,718,962825.0,CRI,proportion,0.000638745358710046
473,2555837,230,Ukraine,Czechia,Maize,Export Quantity,tonnes,22375622,2356,156419.0,CZE,proportion,0.02268905951323049
474,2557839,230,Ukraine,France,Maize,Export Quantity,tonnes,53744637,5329,564273.0,FRA,proportion,7.08876731652941e-06
475,2560379,230,Ukraine,India,Maize,Export Quantity,tonnes,20045003,1758,21486.0,IND,proportion,0.10904775202457415
476,2560791,230,Ukraine,Iran (Islamic Republic of),Maize,Export Quantity,tonnes,17517012,1615,6205078.0,IRN,proportion,0.19684136122060028
477,2560943,230,Ukraine,Iraq,Maize,Export Quantity,tonnes,29287888,2699,772004.0,IRQ,proportion,0.1429824197802084
478,2561120,230,Ukraine,Ireland,Maize,Export Quantity,tonnes,26312271,2555,1750019.0,IRL,proportion,0.274571876076774
479,2561415,230,Ukraine,Israel,Maize,Export Quantity,tonnes,17432290,1506,1906585.0,ISR,proportion,0.42442639588583775
480,2561806,230,Ukraine,Italy,Maize,Export Quantity,tonnes,42934054,4242,5872103.0,ITA,proportion,0.11238546054113834
481,2562771,230,Ukraine,Kenya,Maize,Export Quantity,tonnes,28770660,2447,362853.0,KEN,proportion,0.027559369772332046
482,2562843,230,Ukraine,Kuwait,Maize,Export Quantity,tonnes,27346402,2388,211591.0,KWT,proportion,0.10208373702095079
483,2563704,230,Ukraine,Liberia,Maize,Export Quantity,tonnes,8155554,727,1461.0,LBR,proportion,0.2621492128678987
484,2564343,230,Ukraine,Madagascar,Maize,Export Quantity,tonnes,5702658,500,1133.0,MDG,proportion,0.8605472197705207
485,2565539,230,Ukraine,Morocco,Maize,Export Quantity,tonnes,19068021,1737,2989047.0,MAR,proportion,0.09030336424954175
486,2565716,230,Ukraine,Nepal,Maize,Export Quantity,tonnes,10894076,958,544534.0,NPL,proportion,0.014572092835341778
487,2566320,230,Ukraine,New Zealand,Maize,Export Quantity,tonnes,14453760,1262,158649.0,NZL,proportion,0.0025149859122969576
488,2566772,230,Ukraine,Norway,Maize,Export Quantity,tonnes,24655694,2187,76178.0,NOR,proportion,0.03730735908004936
489,2566978,230,Ukraine,Pakistan,Maize,Export Quantity,tonnes,15892555,1363,25265.0,PAK,proportion,0.020858895705521473
490,2567984,230,Ukraine,Poland,Maize,Export Quantity,tonnes,29426756,2941,393336.0,POL,proportion,0.0037347204425732705
491,2568384,230,Ukraine,Portugal,Maize,Export Quantity,tonnes,30312498,3027,1886046.0,PRT,proportion,0.38920206612139896
492,2568533,230,Ukraine,Qatar,Maize,Export Quantity,tonnes,22225564,2293,81791.0,QAT,proportion,0.03698450929808903
493,2569373,230,Ukraine,Romania,Maize,Export Quantity,tonnes,32328412,3022,3678505.0,ROU,proportion,0.00018730435326307833
494,2570466,230,Ukraine,Saudi Arabia,Maize,Export Quantity,tonnes,30657316,2664,4191341.0,SAU,proportion,0.017114570253291248
495,2570662,230,Ukraine,Serbia,Maize,Export Quantity,tonnes,24187851,2321,17443.0,SRB,proportion,0.000401307114601846
496,2570865,230,Ukraine,Seychelles,Maize,Export Quantity,tonnes,13266570,1252,3809.0,SYC,proportion,0.13074297715935942
497,2571930,230,Ukraine,South Africa,Maize,Export Quantity,tonnes,24283372,2168,4533.0,ZAF,proportion,0.10324288550628723
498,2572217,230,Ukraine,Spain,Maize,Export Quantity,tonnes,34583302,3326,7853214.0,ESP,proportion,0.34121061771651706
499,2572474,230,Ukraine,Sri Lanka,Maize,Export Quantity,tonnes,11483172,1014,7106.0,LKA,proportion,0.02307908809456797
500,2572957,230,Ukraine,Switzerland,Maize,Export Quantity,tonnes,31620093,2839,261652.0,CHE,proportion,0.048851145796707074
501,2573228,230,Ukraine,Syrian Arab Republic,Maize,Export Quantity,tonnes,22719006,2110,219149.0,SYR,proportion,0.09924754390848235
502,2573582,230,Ukraine,Thailand,Maize,Export Quantity,tonnes,14784132,1364,186436.0,THA,proportion,0.05344997747216203
503,2573865,230,Ukraine,Tunisia,Maize,Export Quantity,tonnes,11794382,1063,1004534.0,TUN,proportion,0.5052969834769157
504,2574836,230,Ukraine,United Arab Emirates,Maize,Export Quantity,tonnes,35507884,3117,539973.0,ARE,proportion,0.21908317638104127
505,2576658,230,Ukraine,Yemen,Maize,Export Quantity,tonnes,12035528,1048,702736.0,YEM,proportion,0.00019922132920470847
